insert into Branches (BranchID, BranchName, City, Assets) values (1, 'Bowman', 'Vredendal', 3708275.94);
insert into Branches (BranchID, BranchName, City, Assets) values (2, 'Stuart', 'Paso de los Libres', 2274421.14);
insert into Branches (BranchID, BranchName, City, Assets) values (3, 'Old Gate', 'Citarik', 3831268.1);
insert into Branches (BranchID, BranchName, City, Assets) values (4, 'Eagle Crest', 'Bianxiong', 3486899.79);
insert into Branches (BranchID, BranchName, City, Assets) values (5, 'Becker', 'Udobnaya', 2048188.64);
insert into Branches (BranchID, BranchName, City, Assets) values (6, 'Bellgrove', 'Sundsvall', 2874811.59);
insert into Branches (BranchID, BranchName, City, Assets) values (7, 'Iowa', 'Chum Phuang', 1101952.15);
insert into Branches (BranchID, BranchName, City, Assets) values (8, 'Surrey', 'Jose Maria Morelos', 470281.93);
insert into Branches (BranchID, BranchName, City, Assets) values (9, 'East', 'Ciduren', 3637411.22);
insert into Branches (BranchID, BranchName, City, Assets) values (10, 'Golf View', 'Jiang’an', 764173.83);
insert into Branches (BranchID, BranchName, City, Assets) values (11, 'Leroy', 'München', 2851318.96);
insert into Branches (BranchID, BranchName, City, Assets) values (12, 'Schurz', 'Aleksotas', 1850997.5);
insert into Branches (BranchID, BranchName, City, Assets) values (13, 'Sullivan', 'Goiás', 1944267.47);
insert into Branches (BranchID, BranchName, City, Assets) values (14, 'Ludington', 'Casal Novo', 519014.09);
insert into Branches (BranchID, BranchName, City, Assets) values (15, 'Red Cloud', 'Pāvilosta', 1269433.0);

insert into Customers (CustomerID, SSN, CustomerType, Name, Address, BranchID) values (12346, '709-93-7595', 'Business', 'Liesa Duerden', '77835 Blaine Alley', 1);
insert into Customers (CustomerID, SSN, CustomerType, Name, Address, BranchID) values (46814, '356-42-3269', 'Individual', 'Eugen Vigars', '8 Northland Street', 2);
insert into Customers (CustomerID, SSN, CustomerType, Name, Address, BranchID) values (40286, '112-17-1322', 'Individual', 'Yehudi Keunemann', '13598 Gateway Point', 3);
insert into Customers (CustomerID, SSN, CustomerType, Name, Address, BranchID) values (46827, '805-41-5804', 'Business', 'Marquita Gerling', '78279 Wayridge Circle', 4);
insert into Customers (CustomerID, SSN, CustomerType, Name, Address, BranchID) values (73128, '797-27-9188', 'Individual', 'Nelle Depke', '80224 Pennsylvania Point', 5);
insert into Customers (CustomerID, SSN, CustomerType, Name, Address, BranchID) values (54399, '618-94-1263', 'Business', 'Joey Kleinhaus', '1 Golf View Parkway', 6);
insert into Customers (CustomerID, SSN, CustomerType, Name, Address, BranchID) values (70168, '158-19-2530', 'Individual', 'Eulalie Angelo', '94 Marcy Road', 7);
insert into Customers (CustomerID, SSN, CustomerType, Name, Address, BranchID) values (17126, '193-86-3949', 'Business', 'Anita Cregan', '9 Kenwood Street', 8);
insert into Customers (CustomerID, SSN, CustomerType, Name, Address, BranchID) values (68210, '110-32-9721', 'Business', 'Mitchel Martschik', '19670 Kings Center', 9);
insert into Customers (CustomerID, SSN, CustomerType, Name, Address, BranchID) values (69243, '179-10-5078', 'Business', 'Truman Fader', '2 Monica Crossing', 10);
insert into Customers (CustomerID, SSN, CustomerType, Name, Address, BranchID) values (38418, '141-32-6169', 'Individual', 'Rog Grouse', '33 Forest Run Road', 11);
insert into Customers (CustomerID, SSN, CustomerType, Name, Address, BranchID) values (58205, '206-65-7434', 'Individual', 'Elbertina Moxon', '879 Bay Court', 12);
insert into Customers (CustomerID, SSN, CustomerType, Name, Address, BranchID) values (31020, '759-51-2478', 'Business', 'Darwin Cannavan', '8 Briar Crest Parkway', 13);
insert into Customers (CustomerID, SSN, CustomerType, Name, Address, BranchID) values (96594, '500-07-2594', 'Individual', 'Candice Martinon', '73 Ruskin Lane', 14);
insert into Customers (CustomerID, SSN, CustomerType, Name, Address, BranchID) values (54452, '116-54-5317', 'Business', 'Eyde Gilmartin', '67410 Cordelia Drive', 15);

insert into Employees (EmployeeID, SSN, Name, Address, Telephone, Dependents, ManagerSSN, StartDate, LengthOfEmployment) values (1, '299-18-1822', 'Val Dairton', '85032 Mosinee Center', '119-643-6863', 2, '252-28-7141', '2023-06-02', 50);
insert into Employees (EmployeeID, SSN, Name, Address, Telephone, Dependents, ManagerSSN, StartDate, LengthOfEmployment) values (2, '891-31-8787', 'Lezley Worling', '7 Kropf Place', '414-639-2927', 1, '858-75-5180', '2023-08-12', 48);
insert into Employees (EmployeeID, SSN, Name, Address, Telephone, Dependents, ManagerSSN, StartDate, LengthOfEmployment) values (3, '251-57-3065', 'Stearn Bowyer', '66 Sycamore Street', '842-909-5134', 3, '411-89-3054', '2023-04-19', 88);
insert into Employees (EmployeeID, SSN, Name, Address, Telephone, Dependents, ManagerSSN, StartDate, LengthOfEmployment) values (4, '701-61-4287', 'Dieter Sussems', '4714 Hollow Ridge Drive', '902-922-4970', 6, '751-40-0712', '2022-08-26', 86);
insert into Employees (EmployeeID, SSN, Name, Address, Telephone, Dependents, ManagerSSN, StartDate, LengthOfEmployment) values (5, '662-99-6053', 'Donovan Dwane', '13418 Lunder Alley', '910-377-4330', 10, '127-43-9882', '2023-12-12', 58);
insert into Employees (EmployeeID, SSN, Name, Address, Telephone, Dependents, ManagerSSN, StartDate, LengthOfEmployment) values (6, '222-32-0421', 'Gabriele Jenney', '88 Dunning Court', '150-996-0061', 8, '383-75-1361', '2022-07-28', 32);
insert into Employees (EmployeeID, SSN, Name, Address, Telephone, Dependents, ManagerSSN, StartDate, LengthOfEmployment) values (7, '258-09-4226', 'Inez McAughtry', '8721 Park Meadow Point', '903-987-0730', 1, '262-45-5916', '2023-11-14', 30);
insert into Employees (EmployeeID, SSN, Name, Address, Telephone, Dependents, ManagerSSN, StartDate, LengthOfEmployment) values (8, '735-44-4037', 'Hester Dudenie', '3258 Gale Circle', '842-696-6631', 5, '872-45-6724', '2022-01-01', 51);
insert into Employees (EmployeeID, SSN, Name, Address, Telephone, Dependents, ManagerSSN, StartDate, LengthOfEmployment) values (9, '742-82-0248', 'Hyacinthie Morrid', '77653 Rieder Parkway', '828-730-3791', 5, '824-40-3623', '2023-01-24', 22);
insert into Employees (EmployeeID, SSN, Name, Address, Telephone, Dependents, ManagerSSN, StartDate, LengthOfEmployment) values (10, '412-35-6367', 'Tedi Iuorio', '9 Fulton Plaza', '665-332-8451', 3, '420-31-5568', '2023-07-03', 7);
insert into Employees (EmployeeID, SSN, Name, Address, Telephone, Dependents, ManagerSSN, StartDate, LengthOfEmployment) values (11, '200-33-4457', 'Arel Courtenay', '1 Loomis Pass', '832-577-0962', 4, '774-36-5993', '2023-09-13', 89);
insert into Employees (EmployeeID, SSN, Name, Address, Telephone, Dependents, ManagerSSN, StartDate, LengthOfEmployment) values (12, '647-98-0348', 'Nappy Maddrah', '00 Erie Court', '487-386-1248', 0, '404-31-9396', '2023-09-15', 87);
insert into Employees (EmployeeID, SSN, Name, Address, Telephone, Dependents, ManagerSSN, StartDate, LengthOfEmployment) values (13, '428-18-9875', 'Maisey Mowsley', '77740 Barby Hill', '707-343-3308', 2, '383-07-4561', '2022-07-30', 83);
insert into Employees (EmployeeID, SSN, Name, Address, Telephone, Dependents, ManagerSSN, StartDate, LengthOfEmployment) values (14, '840-12-6901', 'Alan Guinane', '3 Oriole Circle', '319-953-3150', 10, '473-83-2445', '2022-11-28', 1);
insert into Employees (EmployeeID, SSN, Name, Address, Telephone, Dependents, ManagerSSN, StartDate, LengthOfEmployment) values (15, '171-44-6776', 'Denise Costellow', '70879 Fair Oaks Lane', '260-583-9861', 7, '326-03-4613', '2023-07-25', 64);
insert into Employees (EmployeeID, SSN, Name, Address, Telephone, Dependents, ManagerSSN, StartDate, LengthOfEmployment) values (16, '805-29-2305', 'Elianore Nornable', '0 Eagan Junction', '383-358-4469', 3, '310-51-2091', '2022-08-06', 79);
insert into Employees (EmployeeID, SSN, Name, Address, Telephone, Dependents, ManagerSSN, StartDate, LengthOfEmployment) values (17, '464-25-9374', 'Rafe Renneke', '19102 Macpherson Point', '225-995-5037', 10, '386-37-0286', '2022-03-29', 40);
insert into Employees (EmployeeID, SSN, Name, Address, Telephone, Dependents, ManagerSSN, StartDate, LengthOfEmployment) values (18, '656-04-0716', 'Ilario Danett', '86 6th Terrace', '654-191-6394', 8, '366-69-1545', '2022-02-15', 48);
insert into Employees (EmployeeID, SSN, Name, Address, Telephone, Dependents, ManagerSSN, StartDate, LengthOfEmployment) values (19, '738-53-1564', 'Edwina Laffin', '073 Maple Drive', '677-254-1253', 10, '364-60-1355', '2023-01-15', 46);
insert into Employees (EmployeeID, SSN, Name, Address, Telephone, Dependents, ManagerSSN, StartDate, LengthOfEmployment) values (20, '644-08-8560', 'Ramonda Whatmough', '9 Green Trail', '469-843-8351', 0, '347-07-3384', '2022-01-25', 82);
insert into Employees (EmployeeID, SSN, Name, Address, Telephone, Dependents, ManagerSSN, StartDate, LengthOfEmployment) values (21, '893-32-3721', 'Oona Sunners', '9 Mayer Hill', '254-874-4104', 1, '707-47-8269', '2022-07-03', 60);
insert into Employees (EmployeeID, SSN, Name, Address, Telephone, Dependents, ManagerSSN, StartDate, LengthOfEmployment) values (22, '251-41-4614', 'Nikolaos Roseburgh', '4599 Portage Terrace', '389-439-4209', 9, '257-93-7225', '2023-11-23', 65);
insert into Employees (EmployeeID, SSN, Name, Address, Telephone, Dependents, ManagerSSN, StartDate, LengthOfEmployment) values (23, '292-78-3068', 'Opaline Moy', '8022 Reindahl Court', '427-279-3454', 8, '871-75-8833', '2023-07-19', 81);
insert into Employees (EmployeeID, SSN, Name, Address, Telephone, Dependents, ManagerSSN, StartDate, LengthOfEmployment) values (24, '627-60-5398', 'Darline Symcock', '7 Darwin Alley', '289-612-5072', 9, '152-46-8222', '2022-04-13', 37);
insert into Employees (EmployeeID, SSN, Name, Address, Telephone, Dependents, ManagerSSN, StartDate, LengthOfEmployment) values (25, '797-75-0762', 'Arch Perrington', '05 Saint Paul Circle', '721-592-7698', 6, '347-01-0919', '2022-09-28', 83);
insert into Employees (EmployeeID, SSN, Name, Address, Telephone, Dependents, ManagerSSN, StartDate, LengthOfEmployment) values (26, '704-99-4749', 'Keir De Atta', '3 Lakewood Junction', '141-409-2281', 8, '276-35-3418', '2023-03-05', 52);
insert into Employees (EmployeeID, SSN, Name, Address, Telephone, Dependents, ManagerSSN, StartDate, LengthOfEmployment) values (27, '567-58-7469', 'Corbet Douty', '98509 Orin Street', '824-927-3015', 7, '119-18-4609', '2022-06-28', 4);
insert into Employees (EmployeeID, SSN, Name, Address, Telephone, Dependents, ManagerSSN, StartDate, LengthOfEmployment) values (28, '681-98-5963', 'Ody Dodd', '97 Riverside Alley', '983-218-8978', 4, '706-63-6525', '2023-01-15', 37);
insert into Employees (EmployeeID, SSN, Name, Address, Telephone, Dependents, ManagerSSN, StartDate, LengthOfEmployment) values (29, '310-28-8039', 'Lester Fosdike', '5792 Waubesa Road', '791-712-2431', 10, '777-66-4467', '2022-03-20', 65);
insert into Employees (EmployeeID, SSN, Name, Address, Telephone, Dependents, ManagerSSN, StartDate, LengthOfEmployment) values (30, '169-08-7999', 'Naoma Boyles', '8 Beilfuss Terrace', '145-776-1567', 2, '760-46-3162', '2023-10-25', 28);
insert into Employees (EmployeeID, SSN, Name, Address, Telephone, Dependents, ManagerSSN, StartDate, LengthOfEmployment) values (31, '664-60-2730', 'Ber Ramsey', '121 6th Parkway', '886-948-7203', 4, '865-39-7450', '2022-07-20', 85);
insert into Employees (EmployeeID, SSN, Name, Address, Telephone, Dependents, ManagerSSN, StartDate, LengthOfEmployment) values (32, '216-65-8605', 'Fran Darwen', '4 Bayside Place', '459-744-5174', 10, '510-52-2932', '2023-07-16', 20);
insert into Employees (EmployeeID, SSN, Name, Address, Telephone, Dependents, ManagerSSN, StartDate, LengthOfEmployment) values (33, '529-08-8094', 'Cortney Hartil', '92986 Briar Crest Park', '834-829-2717', 5, '627-76-4658', '2022-07-04', 29);
insert into Employees (EmployeeID, SSN, Name, Address, Telephone, Dependents, ManagerSSN, StartDate, LengthOfEmployment) values (34, '139-83-2629', 'Vassily Bolam', '95 Sauthoff Point', '561-938-2558', 10, '123-87-3338', '2022-04-20', 53);
insert into Employees (EmployeeID, SSN, Name, Address, Telephone, Dependents, ManagerSSN, StartDate, LengthOfEmployment) values (35, '847-49-6265', 'Weber Lehrmann', '145 Miller Street', '988-812-4821', 4, '637-38-4988', '2022-12-23', 7);
insert into Employees (EmployeeID, SSN, Name, Address, Telephone, Dependents, ManagerSSN, StartDate, LengthOfEmployment) values (36, '853-70-9634', 'Nahum Mucklestone', '74 Pine View Parkway', '814-926-3122', 1, '862-29-1791', '2022-05-31', 3);
insert into Employees (EmployeeID, SSN, Name, Address, Telephone, Dependents, ManagerSSN, StartDate, LengthOfEmployment) values (37, '687-21-3480', 'Carina Meffan', '4 Colorado Street', '350-530-7796', 3, '387-50-1960', '2023-01-24', 65);
insert into Employees (EmployeeID, SSN, Name, Address, Telephone, Dependents, ManagerSSN, StartDate, LengthOfEmployment) values (38, '425-97-7351', 'Morlee Chatell', '4 Karstens Terrace', '259-619-2639', 8, '474-44-1285', '2023-01-30', 94);
insert into Employees (EmployeeID, SSN, Name, Address, Telephone, Dependents, ManagerSSN, StartDate, LengthOfEmployment) values (39, '435-82-1257', 'Ianthe Lyngsted', '2 Lukken Terrace', '616-972-8746', 5, '127-91-3053', '2023-04-19', 62);
insert into Employees (EmployeeID, SSN, Name, Address, Telephone, Dependents, ManagerSSN, StartDate, LengthOfEmployment) values (40, '713-68-2037', 'Sydel Bottrill', '63 Texas Lane', '915-457-1476', 4, '267-38-8561', '2022-03-01', 0);

insert into Accounts (AccountNumber, AccountType, Balance, LastAccessDate, InterestRate, Overdraft, CustomerID) values (6965778830, 'Individual', 82355.93, '2023-05-12', 26.78, 73.12, 12346);
insert into Accounts (AccountNumber, AccountType, Balance, LastAccessDate, InterestRate, Overdraft, CustomerID) values (8032666257, 'Individual', 33240.36, '2023-02-25', 16.96, 71.89, 46814);
insert into Accounts (AccountNumber, AccountType, Balance, LastAccessDate, InterestRate, Overdraft, CustomerID) values (4757354010, 'Business', 42664.07, '2023-08-13', 52.9, 34.09, 40286);
insert into Accounts (AccountNumber, AccountType, Balance, LastAccessDate, InterestRate, Overdraft, CustomerID) values (3152373791, 'Business', 58489.95, '2023-01-08', 52.78, 92.46, 46827);
insert into Accounts (AccountNumber, AccountType, Balance, LastAccessDate, InterestRate, Overdraft, CustomerID) values (1147064717, 'Individual', 59637.51, '2023-07-02', 11.79, 75.67, 73128);
insert into Accounts (AccountNumber, AccountType, Balance, LastAccessDate, InterestRate, Overdraft, CustomerID) values (6658083371, 'Individual', 16864.15, '2023-08-16', 48.23, 50.22, 54399);
insert into Accounts (AccountNumber, AccountType, Balance, LastAccessDate, InterestRate, Overdraft, CustomerID) values (9267329499, 'Individual', 45828.99, '2023-04-07', 21.14, 20.64, 70168);
insert into Accounts (AccountNumber, AccountType, Balance, LastAccessDate, InterestRate, Overdraft, CustomerID) values (0065876342, 'Individual', 45490.55, '2023-03-25', 15.97, 95.46, 17126);
insert into Accounts (AccountNumber, AccountType, Balance, LastAccessDate, InterestRate, Overdraft, CustomerID) values (8219118911, 'Business', 56007.34, '2023-01-27', 5.84, 49.62, 68210);
insert into Accounts (AccountNumber, AccountType, Balance, LastAccessDate, InterestRate, Overdraft, CustomerID) values (9718349774, 'Individual', 50841.35, '2023-08-03', 49.61, 51.15, 69243);
insert into Accounts (AccountNumber, AccountType, Balance, LastAccessDate, InterestRate, Overdraft, CustomerID) values (6965108010, 'Business', 61258.23, '2023-05-04', 52.38, 21.01, 38418);
insert into Accounts (AccountNumber, AccountType, Balance, LastAccessDate, InterestRate, Overdraft, CustomerID) values (6513380847, 'Individual', 21629.93, '2023-02-12', 19.7, 41.75, 58205);
insert into Accounts (AccountNumber, AccountType, Balance, LastAccessDate, InterestRate, Overdraft, CustomerID) values (9170606404, 'Business', 91761.62, '2023-02-04', 38.2, 45.04, 31020);
insert into Accounts (AccountNumber, AccountType, Balance, LastAccessDate, InterestRate, Overdraft, CustomerID) values (3103124562, 'Individual', 35512.26, '2022-12-08', 2.12, 61.99, 96594);
insert into Accounts (AccountNumber, AccountType, Balance, LastAccessDate, InterestRate, Overdraft, CustomerID) values (6890414357, 'Individual', 52642.18, '2023-04-09', 9.08, 99.19, 54452);

insert into Loans (LoanNumber, CustomerID, LoanAmount, BranchID) values (842013325, 12346, 86212.53, 1);
insert into Loans (LoanNumber, CustomerID, LoanAmount, BranchID) values (799137427, 46814, 12375.61, 2);
insert into Loans (LoanNumber, CustomerID, LoanAmount, BranchID) values (11299978, 40286, 75029.36, 3);
insert into Loans (LoanNumber, CustomerID, LoanAmount, BranchID) values (766651317, 46827, 92370.84, 4);
insert into Loans (LoanNumber, CustomerID, LoanAmount, BranchID) values (126120803, 73128, 45877.99, 5);
insert into Loans (LoanNumber, CustomerID, LoanAmount, BranchID) values (514697573, 54399, 84243.78, 6);
insert into Loans (LoanNumber, CustomerID, LoanAmount, BranchID) values (789504354, 70168, 23700.2, 7);
insert into Loans (LoanNumber, CustomerID, LoanAmount, BranchID) values (948225024, 17126, 71918.15, 8);
insert into Loans (LoanNumber, CustomerID, LoanAmount, BranchID) values (255336571, 68210, 68141.12, 9);
insert into Loans (LoanNumber, CustomerID, LoanAmount, BranchID) values (300536427, 69243, 75888.61, 10);
insert into Loans (LoanNumber, CustomerID, LoanAmount, BranchID) values (720251693, 38418, 59238.42, 11);
insert into Loans (LoanNumber, CustomerID, LoanAmount, BranchID) values (555100916, 58205, 87974.75, 12);
insert into Loans (LoanNumber, CustomerID, LoanAmount, BranchID) values (198132692, 31020, 73608.72, 13);
insert into Loans (LoanNumber, CustomerID, LoanAmount, BranchID) values (960143326, 96594, 70547.33, 14);
insert into Loans (LoanNumber, CustomerID, LoanAmount, BranchID) values (809450216, 54452, 33988.22, 15);

insert into Loanpayments (PaymentNumber, LoanNumber, PaymentDate, PaymentAmount) values (10001, 842013325, '2022-08-26', 75880.44);
insert into Loanpayments (PaymentNumber, LoanNumber, PaymentDate, PaymentAmount) values (10002, 799137427, '2023-09-02', 78824.25);
insert into Loanpayments (PaymentNumber, LoanNumber, PaymentDate, PaymentAmount) values (10003, 11299978, '2022-03-20', 95634.37);
insert into Loanpayments (PaymentNumber, LoanNumber, PaymentDate, PaymentAmount) values (10004, 766651317, '2022-07-13', 95799.54);
insert into Loanpayments (PaymentNumber, LoanNumber, PaymentDate, PaymentAmount) values (10005, 126120803, '2023-09-04', 87585.78);
insert into Loanpayments (PaymentNumber, LoanNumber, PaymentDate, PaymentAmount) values (10006, 514697573, '2022-03-29', 44883.01);
insert into Loanpayments (PaymentNumber, LoanNumber, PaymentDate, PaymentAmount) values (10007, 789504354, '2022-01-24', 31386.02);
insert into Loanpayments (PaymentNumber, LoanNumber, PaymentDate, PaymentAmount) values (10008, 948225024, '2023-03-01', 71062.85);
insert into Loanpayments (PaymentNumber, LoanNumber, PaymentDate, PaymentAmount) values (10009, 255336571, '2023-07-29', 71935.66);
insert into Loanpayments (PaymentNumber, LoanNumber, PaymentDate, PaymentAmount) values (10010, 300536427, '2022-07-13', 46757.77);
insert into Loanpayments (PaymentNumber, LoanNumber, PaymentDate, PaymentAmount) values (10011, 720251693, '2022-10-05', 9474.44);
insert into Loanpayments (PaymentNumber, LoanNumber, PaymentDate, PaymentAmount) values (10012, 555100916, '2023-08-07', 84747.26);
insert into Loanpayments (PaymentNumber, LoanNumber, PaymentDate, PaymentAmount) values (10013, 198132692, '2022-02-17', 12281.37);
insert into Loanpayments (PaymentNumber, LoanNumber, PaymentDate, PaymentAmount) values (10014, 960143326, '2022-12-17', 80038.93);
insert into Loanpayments (PaymentNumber, LoanNumber, PaymentDate, PaymentAmount) values (10015, 809450216, '2022-03-03', 47806.79);